[
  {
    "timestamp": "2025-11-10 20:35:12",
    "action": "DENIED",
    "ip": "192.168.0.101",
    "port": null,
    "message": "IP nem engedélyezett"
  },
  {
    "timestamp": "2025-11-10 20:35:56",
    "action": "ALLOWED",
    "ip": "192.168.0.101",
    "port": null,
    "message": "Hozzáférés engedélyezve"
  },
  {
    "timestamp": "2025-11-10 20:52:37",
    "action": "ALLOWED",
    "ip": "192.168.0.101",
    "port": null,
    "message": "Hozzáférés engedélyezve"
  },
  {
    "timestamp": "2025-11-10 20:58:59",
    "action": "ALLOWED",
    "ip": "192.168.0.101",
    "port": null,
    "message": "Hozzáférés engedélyezve"
  },
  {
    "timestamp": "2025-11-12 19:20:45",
    "action": "DENIED",
    "ip": "192.168.0.100",
    "port": null,
    "message": "IP nem engedélyezett"
  },
  {
    "timestamp": "2025-11-12 19:23:18",
    "action": "ALLOWED",
    "ip": "192.168.0.100",
    "port": null,
    "message": "Hozzáférés engedélyezve"
  }
]