[
  {
    "time": "2025-11-10T19:36:40.776354",
    "input": "wassup?",
    "response": "Próbáld meg másképp megfogalmazni."
  },
  {
    "time": "2025-11-10T19:52:52.517973",
    "input": "hogy smint?",
    "response": "\"Hogyan szállítsunk?\"",
    "sentiment": {
      "label": "NEGATIVE",
      "score": 0.9930887818336487
    },
    "ai_used": true
  },
  {
    "time": "2025-11-10T19:57:02.660392",
    "input": "hogy vagy?",
    "response": "\"Köszönjük!\"",
    "sentiment": {
      "label": "NEGATIVE",
      "score": 0.9973874688148499
    },
    "ai_used": true
  },
  {
    "time": "2025-11-10T19:59:15.257551",
    "input": "hi",
    "response": "Szia! Én vagyok Jarvis. Mi a neved?",
    "sentiment": {
      "label": "POSITIVE",
      "score": 0.9983267188072205
    },
    "ai_used": true
  },
  {
    "time": "2025-11-10T19:59:27.548492",
    "input": "levi vagyok, hogy vagy ma?",
    "response": "Örülök a találkozásnak, ma! Hogy segíthetek ma?",
    "sentiment": {
      "label": "NEGATIVE",
      "score": 0.9748775959014893
    },
    "ai_used": true
  },
  {
    "time": "2025-11-10T20:00:10.637224",
    "input": "én is, tudsz mondani 10 állatfalyt?",
    "response": "Úgy tűnik, valami nem tetszik. Mesélj róla, hátha tudok segíteni!",
    "sentiment": {
      "label": "NEGATIVE",
      "score": 0.9913749098777771
    },
    "ai_used": true
  },
  {
    "time": "2025-11-12T18:24:16.555397",
    "input": "dog",
    "response": "Örülök, hogy jó a hangulatod! 😊 Miben segíthetek ma?",
    "sentiment": {
      "label": "POSITIVE",
      "score": 0.9778261184692383
    },
    "ai_used": true
  }
]